,债券名称,债券代码,日期,开盘,收盘,最高,最低,成交量,成交额,振幅,涨跌幅,涨跌额,换手率
0,双箭转债,127054,2023-10-27 09:31,123.132,123.157,123.157,122.985,55,67721.0,0.14,0.13,0.157,0.01
1,双箭转债,127054,2023-10-27 09:32,123.009,122.89,123.009,122.606,36,44278.0,0.33,-0.22,-0.267,0.01
2,双箭转债,127054,2023-10-27 09:33,122.75,122.658,122.883,122.56,96,117805.0,0.26,-0.19,-0.232,0.02
3,双箭转债,127054,2023-10-27 09:34,122.659,122.731,122.834,122.659,28,34363.0,0.14,0.06,0.073,0.01
4,双箭转债,127054,2023-10-27 09:35,122.731,122.731,122.731,122.731,0,0.0,0.0,0.0,0.0,0.0
5,双箭转债,127054,2023-10-27 09:36,122.86,122.769,122.861,122.769,14,17195.0,0.07,0.03,0.038,0.0
6,双箭转债,127054,2023-10-27 09:37,122.776,122.676,122.776,122.676,24,29453.0,0.08,-0.08,-0.093,0.0
7,双箭转债,127054,2023-10-27 09:38,122.763,122.82,122.82,122.763,4,4911.0,0.05,0.12,0.144,0.0
8,双箭转债,127054,2023-10-27 09:39,122.509,122.55,122.55,122.509,2,2450.0,0.03,-0.22,-0.27,0.0
9,双箭转债,127054,2023-10-27 09:40,122.871,122.871,122.871,122.871,10,12285.0,0.0,0.26,0.321,0.0
10,双箭转债,127054,2023-10-27 09:41,122.853,122.959,122.959,122.853,62,76226.0,0.09,0.07,0.088,0.01
11,双箭转债,127054,2023-10-27 09:42,122.967,122.85,123.018,122.819,62,76233.0,0.16,-0.09,-0.109,0.01
12,双箭转债,127054,2023-10-27 09:43,122.85,122.964,122.964,122.846,65,79861.0,0.1,0.09,0.114,0.01
13,双箭转债,127054,2023-10-27 09:44,122.964,122.964,122.989,122.964,11,13526.0,0.02,0.0,0.0,0.0
14,双箭转债,127054,2023-10-27 09:45,123.338,123.232,123.338,123.232,37,45544.0,0.09,0.22,0.268,0.01
15,双箭转债,127054,2023-10-27 09:46,123.021,122.827,123.215,122.827,12,14766.0,0.31,-0.33,-0.405,0.0
16,双箭转债,127054,2023-10-27 09:47,122.79,122.759,122.79,122.759,59,72456.0,0.03,-0.06,-0.068,0.01
17,双箭转债,127054,2023-10-27 09:48,122.759,122.901,122.901,122.759,93,114269.0,0.12,0.12,0.142,0.02
18,双箭转债,127054,2023-10-27 09:49,122.901,122.901,122.901,122.901,15,18437.0,0.0,0.0,0.0,0.0
19,双箭转债,127054,2023-10-27 09:50,122.926,122.765,122.926,122.765,22,27036.0,0.13,-0.11,-0.136,0.0
20,双箭转债,127054,2023-10-27 09:51,122.905,123.213,123.213,122.905,52,64045.0,0.25,0.36,0.448,0.01
21,双箭转债,127054,2023-10-27 09:52,122.963,123.022,123.022,122.761,127,156211.0,0.21,-0.16,-0.191,0.02
22,双箭转债,127054,2023-10-27 09:53,123.049,123.197,123.197,122.967,40,49201.0,0.19,0.14,0.175,0.01
23,双箭转债,127054,2023-10-27 09:54,123.166,122.927,123.166,122.927,4,4924.0,0.19,-0.22,-0.27,0.0
24,双箭转债,127054,2023-10-27 09:55,123.165,123.017,123.165,123.017,8,9847.0,0.12,0.07,0.09,0.0
25,双箭转债,127054,2023-10-27 09:56,123.017,123.024,123.157,123.017,41,50487.0,0.11,0.01,0.007,0.01
26,双箭转债,127054,2023-10-27 09:57,123.03,122.867,123.03,122.867,38,46743.0,0.13,-0.13,-0.157,0.01
27,双箭转债,127054,2023-10-27 09:58,123.077,123.077,123.077,123.077,5,6153.0,0.0,0.17,0.21,0.0
28,双箭转债,127054,2023-10-27 09:59,122.914,123.083,123.084,122.914,36,44307.0,0.14,0.0,0.006,0.01
29,双箭转债,127054,2023-10-27 10:00,122.903,123.173,123.173,122.865,62,76188.0,0.25,0.07,0.09,0.01
30,双箭转债,127054,2023-10-27 10:01,123.123,122.676,123.123,122.676,10,12293.0,0.36,-0.4,-0.497,0.0
31,双箭转债,127054,2023-10-27 10:02,123.163,122.857,123.163,122.857,38,46795.0,0.25,0.15,0.181,0.01
32,双箭转债,127054,2023-10-27 10:03,122.857,122.857,122.857,122.857,0,0.0,0.0,0.0,0.0,0.0
33,双箭转债,127054,2023-10-27 10:04,123.117,123.117,123.117,123.117,5,6155.0,0.0,0.21,0.26,0.0
34,双箭转债,127054,2023-10-27 10:05,123.164,123.193,123.193,123.164,133,163785.0,0.02,0.06,0.076,0.03
35,双箭转债,127054,2023-10-27 10:06,123.174,123.174,123.174,123.174,16,19707.0,0.0,-0.02,-0.019,0.0
36,双箭转债,127054,2023-10-27 10:07,123.174,123.174,123.174,123.174,0,0.0,0.0,0.0,0.0,0.0
37,双箭转债,127054,2023-10-27 10:08,122.922,122.94,123.117,122.922,18,22143.0,0.16,-0.19,-0.234,0.0
38,双箭转债,127054,2023-10-27 10:09,123.082,123.082,123.082,123.082,37,45501.0,0.0,0.12,0.142,0.01
39,双箭转债,127054,2023-10-27 10:10,123.114,122.944,123.114,122.944,5,6154.0,0.14,-0.11,-0.138,0.0
40,双箭转债,127054,2023-10-27 10:11,122.97,122.97,122.97,122.97,4,4918.0,0.0,0.02,0.026,0.0
41,双箭转债,127054,2023-10-27 10:12,122.97,123.114,123.114,122.97,11,13539.0,0.12,0.12,0.144,0.0
42,双箭转债,127054,2023-10-27 10:13,122.983,123.114,123.114,122.983,25,30753.0,0.11,0.0,0.0,0.0
43,双箭转债,127054,2023-10-27 10:14,122.988,122.989,123.113,122.986,30,36898.0,0.1,-0.1,-0.125,0.01
44,双箭转债,127054,2023-10-27 10:15,122.986,123.1,123.1,122.986,14,17230.0,0.09,0.09,0.111,0.0
45,双箭转债,127054,2023-10-27 10:16,123.1,123.1,123.1,123.1,0,0.0,0.0,0.0,0.0,0.0
46,双箭转债,127054,2023-10-27 10:17,122.989,123.056,123.056,122.989,13,15993.0,0.05,-0.04,-0.044,0.0
47,双箭转债,127054,2023-10-27 10:18,122.986,122.97,122.986,122.97,13,15987.0,0.01,-0.07,-0.086,0.0
48,双箭转债,127054,2023-10-27 10:19,122.87,122.87,122.87,122.87,23,28263.0,0.0,-0.08,-0.1,0.0
49,双箭转债,127054,2023-10-27 10:20,122.87,123.063,123.063,122.87,36,44287.0,0.16,0.16,0.193,0.01
50,双箭转债,127054,2023-10-27 10:21,123.063,123.063,123.063,123.063,0,0.0,0.0,0.0,0.0,0.0
51,双箭转债,127054,2023-10-27 10:22,123.014,123.16,123.16,123.014,10,12310.0,0.12,0.08,0.097,0.0
52,双箭转债,127054,2023-10-27 10:23,123.014,123.156,123.156,123.014,7,8615.0,0.12,0.0,-0.004,0.0
53,双箭转债,127054,2023-10-27 10:24,123.009,123.018,123.018,123.009,34,41825.0,0.01,-0.11,-0.138,0.01
54,双箭转债,127054,2023-10-27 10:25,123.018,123.018,123.018,123.018,0,0.0,0.0,0.0,0.0,0.0
55,双箭转债,127054,2023-10-27 10:26,123.143,123.143,123.143,123.143,123,151441.0,0.0,0.1,0.125,0.02
56,双箭转债,127054,2023-10-27 10:27,123.143,123.143,123.143,123.143,0,0.0,0.0,0.0,0.0,0.0
57,双箭转债,127054,2023-10-27 10:28,123.144,123.144,123.144,123.144,7,8620.0,0.0,0.0,0.001,0.0
58,双箭转债,127054,2023-10-27 10:29,123.04,123.154,123.154,123.04,19,23381.0,0.09,0.01,0.01,0.0
59,双箭转债,127054,2023-10-27 10:30,123.153,123.043,123.153,123.043,4,4923.0,0.09,-0.09,-0.111,0.0
60,双箭转债,127054,2023-10-27 10:31,123.3,123.3,123.3,123.17,148,182296.0,0.11,0.21,0.257,0.03
61,双箭转债,127054,2023-10-27 10:32,123.337,123.36,123.36,123.337,83,102371.0,0.02,0.05,0.06,0.02
62,双箭转债,127054,2023-10-27 10:33,123.488,123.488,123.488,123.346,120,148099.0,0.12,0.1,0.128,0.02
63,双箭转债,127054,2023-10-27 10:34,123.367,123.737,123.737,123.348,130,160519.0,0.32,0.2,0.249,0.03
64,双箭转债,127054,2023-10-27 10:35,123.494,123.46,123.494,123.364,70,86411.0,0.11,-0.22,-0.277,0.01
65,双箭转债,127054,2023-10-27 10:36,123.37,123.448,123.448,123.37,31,38261.0,0.06,-0.01,-0.012,0.01
66,双箭转债,127054,2023-10-27 10:37,123.448,123.455,123.582,123.448,20,24707.0,0.11,0.01,0.007,0.0
67,双箭转债,127054,2023-10-27 10:38,123.58,123.584,123.584,123.58,26,32130.0,0.0,0.1,0.129,0.01
68,双箭转债,127054,2023-10-27 10:39,123.584,123.452,123.585,123.452,20,24711.0,0.11,-0.11,-0.132,0.0
69,双箭转债,127054,2023-10-27 10:40,123.576,123.58,123.58,123.455,36,44485.0,0.1,0.1,0.128,0.01
70,双箭转债,127054,2023-10-27 10:41,123.462,123.577,123.577,123.462,20,24710.0,0.09,0.0,-0.003,0.0
71,双箭转债,127054,2023-10-27 10:42,123.577,123.577,123.577,123.577,22,27186.0,0.0,0.0,0.0,0.0
72,双箭转债,127054,2023-10-27 10:43,123.584,123.584,123.584,123.584,10,12358.0,0.0,0.01,0.007,0.0
73,双箭转债,127054,2023-10-27 10:44,123.559,123.7,123.7,123.559,75,92689.0,0.11,0.09,0.116,0.01
74,双箭转债,127054,2023-10-27 10:45,123.735,123.735,123.735,123.693,44,54436.0,0.03,0.03,0.035,0.01
75,双箭转债,127054,2023-10-27 10:46,123.702,123.639,123.735,123.639,46,56904.0,0.08,-0.08,-0.096,0.01
76,双箭转债,127054,2023-10-27 10:47,123.639,123.679,123.722,123.61,51,63074.0,0.09,0.03,0.04,0.01
77,双箭转债,127054,2023-10-27 10:48,123.564,123.624,123.681,123.564,25,30912.0,0.09,-0.04,-0.055,0.0
78,双箭转债,127054,2023-10-27 10:49,123.681,123.681,123.681,123.681,14,17314.0,0.0,0.05,0.057,0.0
79,双箭转债,127054,2023-10-27 10:50,123.652,123.728,123.8,123.652,44,54446.0,0.12,0.04,0.047,0.01
80,双箭转债,127054,2023-10-27 10:51,123.729,123.9,123.9,123.729,134,165907.0,0.14,0.14,0.172,0.03
81,双箭转债,127054,2023-10-27 10:52,123.86,124.063,124.063,123.86,210,260349.0,0.16,0.13,0.163,0.04
82,双箭转债,127054,2023-10-27 10:53,124.053,124.151,124.151,123.972,50,62008.0,0.14,0.07,0.088,0.01
83,双箭转债,127054,2023-10-27 10:54,123.996,124.158,124.158,123.924,60,74442.0,0.19,0.01,0.007,0.01
84,双箭转债,127054,2023-10-27 10:55,124.115,124.052,124.159,124.05,38,47151.0,0.09,-0.09,-0.106,0.01
85,双箭转债,127054,2023-10-27 10:56,124.049,124.21,124.21,124.049,85,105545.0,0.13,0.13,0.158,0.02
86,双箭转债,127054,2023-10-27 10:57,124.21,124.21,124.21,124.21,18,22357.0,0.0,0.0,0.0,0.0
87,双箭转债,127054,2023-10-27 10:58,124.21,124.435,124.473,124.101,50,62158.0,0.3,0.18,0.225,0.01
88,双箭转债,127054,2023-10-27 10:59,124.435,124.473,124.473,124.233,77,95817.0,0.19,0.03,0.038,0.01
89,双箭转债,127054,2023-10-27 11:00,124.404,124.473,124.473,124.4,22,27373.0,0.06,0.0,0.0,0.0
90,双箭转债,127054,2023-10-27 11:01,124.438,124.364,124.518,124.353,158,196584.0,0.13,-0.09,-0.109,0.03
91,双箭转债,127054,2023-10-27 11:02,124.41,124.368,124.463,124.368,67,83355.0,0.08,0.0,0.004,0.01
92,双箭转债,127054,2023-10-27 11:03,124.29,124.335,124.335,124.087,100,124256.0,0.2,-0.03,-0.033,0.02
93,双箭转债,127054,2023-10-27 11:04,124.296,124.511,124.511,124.202,81,100690.0,0.25,0.14,0.176,0.02
94,双箭转债,127054,2023-10-27 11:05,124.471,124.436,124.471,124.436,22,27376.0,0.03,-0.06,-0.075,0.0
95,双箭转债,127054,2023-10-27 11:06,124.436,124.436,124.436,124.308,23,28617.0,0.1,0.0,0.0,0.0
96,双箭转债,127054,2023-10-27 11:07,124.436,124.355,124.436,124.093,201,249904.0,0.28,-0.07,-0.081,0.04
97,双箭转债,127054,2023-10-27 11:08,124.239,123.934,124.404,123.934,33,41035.0,0.38,-0.34,-0.421,0.01
98,双箭转债,127054,2023-10-27 11:09,124.404,124.502,124.502,124.222,39,48528.0,0.23,0.46,0.568,0.01
99,双箭转债,127054,2023-10-27 11:10,124.502,124.516,124.526,124.5,67,83421.0,0.02,0.01,0.014,0.01
100,双箭转债,127054,2023-10-27 11:11,124.56,124.518,124.669,124.397,115,143247.0,0.22,0.0,0.002,0.02
101,双箭转债,127054,2023-10-27 11:12,124.344,124.395,124.395,124.217,193,239964.0,0.14,-0.1,-0.123,0.04
102,双箭转债,127054,2023-10-27 11:13,124.396,124.405,124.763,124.287,70,87073.0,0.38,0.01,0.01,0.01
103,双箭转债,127054,2023-10-27 11:14,124.402,124.45,124.695,124.288,56,69699.0,0.33,0.04,0.045,0.01
104,双箭转债,127054,2023-10-27 11:15,124.708,124.479,124.708,124.374,105,130636.0,0.27,0.02,0.029,0.02
105,双箭转债,127054,2023-10-27 11:16,124.479,124.708,124.708,124.479,61,76062.0,0.18,0.18,0.229,0.01
106,双箭转债,127054,2023-10-27 11:17,124.712,124.772,124.772,124.699,116,144702.0,0.06,0.05,0.064,0.02
107,双箭转债,127054,2023-10-27 11:18,124.772,124.763,124.775,124.763,68,84843.0,0.01,-0.01,-0.009,0.01
108,双箭转债,127054,2023-10-27 11:19,124.763,125.0,125.0,124.56,178,222176.0,0.35,0.19,0.237,0.03
109,双箭转债,127054,2023-10-27 11:20,125.0,124.93,125.0,124.746,64,79910.0,0.2,-0.06,-0.07,0.01
110,双箭转债,127054,2023-10-27 11:21,124.734,124.451,124.734,124.447,144,179432.0,0.23,-0.38,-0.479,0.03
111,双箭转债,127054,2023-10-27 11:22,124.617,124.614,124.617,124.614,34,42369.0,0.0,0.13,0.163,0.01
112,双箭转债,127054,2023-10-27 11:23,124.626,125.0,125.0,124.626,96,119940.0,0.3,0.31,0.386,0.02
113,双箭转债,127054,2023-10-27 11:24,124.657,124.591,124.972,124.591,89,110976.0,0.3,-0.33,-0.409,0.02
114,双箭转债,127054,2023-10-27 11:25,124.591,124.82,124.824,124.591,10,12479.0,0.19,0.18,0.229,0.0
115,双箭转债,127054,2023-10-27 11:26,124.605,124.642,124.817,124.605,47,58620.0,0.17,-0.14,-0.178,0.01
116,双箭转债,127054,2023-10-27 11:27,124.639,124.941,124.941,124.629,22,27463.0,0.25,0.24,0.299,0.0
117,双箭转债,127054,2023-10-27 11:28,124.678,124.898,124.916,124.671,57,71141.0,0.2,-0.03,-0.043,0.01
118,双箭转债,127054,2023-10-27 11:29,124.892,124.871,124.892,124.696,32,39928.0,0.16,-0.02,-0.027,0.01
119,双箭转债,127054,2023-10-27 11:30,124.697,124.929,124.929,124.697,40,49940.0,0.19,0.05,0.058,0.01
120,双箭转债,127054,2023-10-27 13:01,124.735,124.874,124.896,124.734,38,47408.0,0.13,-0.04,-0.055,0.01
121,双箭转债,127054,2023-10-27 13:02,124.862,124.86,124.862,124.86,31,38705.0,0.0,-0.01,-0.014,0.01
122,双箭转债,127054,2023-10-27 13:03,124.906,124.907,124.907,124.774,14,17484.0,0.11,0.04,0.047,0.0
123,双箭转债,127054,2023-10-27 13:04,124.91,124.88,124.91,124.789,14,17484.0,0.1,-0.02,-0.027,0.0
124,双箭转债,127054,2023-10-27 13:05,124.926,124.929,124.929,124.926,4,4997.0,0.0,0.04,0.049,0.0
125,双箭转债,127054,2023-10-27 13:06,124.929,125.0,125.0,124.929,71,88736.0,0.06,0.06,0.071,0.01
126,双箭转债,127054,2023-10-27 13:07,124.849,124.999,124.999,124.849,22,27498.0,0.12,0.0,-0.001,0.0
127,双箭转债,127054,2023-10-27 13:08,124.993,124.921,124.993,124.87,19,23744.0,0.1,-0.06,-0.078,0.0
128,双箭转债,127054,2023-10-27 13:09,124.807,124.807,124.807,124.807,3,3744.0,0.0,-0.09,-0.114,0.0
129,双箭转债,127054,2023-10-27 13:10,124.807,125.0,125.0,124.807,60,74952.0,0.15,0.15,0.193,0.01
130,双箭转债,127054,2023-10-27 13:11,124.81,124.945,124.946,124.81,10,12487.0,0.11,-0.04,-0.055,0.0
131,双箭转债,127054,2023-10-27 13:12,124.81,124.808,125.0,124.808,46,57448.0,0.15,-0.11,-0.137,0.01
132,双箭转债,127054,2023-10-27 13:13,124.808,124.914,124.914,124.795,30,37448.0,0.1,0.08,0.106,0.01
133,双箭转债,127054,2023-10-27 13:14,124.91,124.909,124.91,124.908,37,46174.0,0.0,0.0,-0.005,0.01
134,双箭转债,127054,2023-10-27 13:15,124.914,125.0,125.0,124.914,18,22491.0,0.07,0.07,0.091,0.0
135,双箭转债,127054,2023-10-27 13:16,125.0,124.96,125.0,124.84,27,33744.0,0.13,-0.03,-0.04,0.01
136,双箭转债,127054,2023-10-27 13:17,124.857,125.034,125.158,124.857,380,475288.0,0.24,0.06,0.074,0.07
137,双箭转债,127054,2023-10-27 13:18,125.158,125.334,125.356,125.02,145,181639.0,0.27,0.24,0.3,0.03
138,双箭转债,127054,2023-10-27 13:19,125.335,125.149,125.431,125.068,308,385821.0,0.29,-0.15,-0.185,0.06
139,双箭转债,127054,2023-10-27 13:20,125.409,125.312,125.409,125.187,50,62669.0,0.18,0.13,0.163,0.01
140,双箭转债,127054,2023-10-27 13:21,125.318,125.449,125.691,125.318,77,96648.0,0.3,0.11,0.137,0.01
141,双箭转债,127054,2023-10-27 13:22,125.442,125.433,125.442,125.199,59,74000.0,0.19,-0.01,-0.016,0.01
142,双箭转债,127054,2023-10-27 13:23,125.286,125.264,125.574,125.264,213,266920.0,0.25,-0.13,-0.169,0.04
143,双箭转债,127054,2023-10-27 13:24,125.264,125.437,125.437,125.209,148,185569.0,0.18,0.14,0.173,0.03
144,双箭转债,127054,2023-10-27 13:25,125.587,125.44,125.587,125.293,54,67749.0,0.23,0.0,0.003,0.01
145,双箭转债,127054,2023-10-27 13:26,125.258,125.448,125.448,125.258,196,245591.0,0.15,0.01,0.008,0.04
146,双箭转债,127054,2023-10-27 13:27,125.451,125.8,125.8,125.451,148,185752.0,0.28,0.28,0.352,0.03
147,双箭转债,127054,2023-10-27 13:28,125.7,125.526,125.7,125.523,90,113047.0,0.14,-0.22,-0.274,0.02
148,双箭转债,127054,2023-10-27 13:29,125.6,125.493,125.6,125.493,31,38909.0,0.09,-0.03,-0.033,0.01
149,双箭转债,127054,2023-10-27 13:30,125.493,125.603,125.603,125.393,46,57760.0,0.17,0.09,0.11,0.01
150,双箭转债,127054,2023-10-27 13:31,125.46,125.658,125.672,125.46,45,56528.0,0.17,0.04,0.055,0.01
151,双箭转债,127054,2023-10-27 13:32,125.67,125.89,125.89,125.67,95,119478.0,0.18,0.18,0.232,0.02
152,双箭转债,127054,2023-10-27 13:33,125.802,125.716,125.872,125.712,91,114454.0,0.13,-0.14,-0.174,0.02
153,双箭转债,127054,2023-10-27 13:34,125.863,125.841,125.863,125.707,153,192415.0,0.12,0.1,0.125,0.03
154,双箭转债,127054,2023-10-27 13:35,125.831,125.84,125.84,125.536,75,94298.0,0.24,0.0,-0.001,0.01
155,双箭转债,127054,2023-10-27 13:36,125.671,125.821,125.832,125.671,100,125817.0,0.13,-0.02,-0.019,0.02
156,双箭转债,127054,2023-10-27 13:37,125.829,125.9,125.9,125.827,140,176241.0,0.06,0.06,0.079,0.03
157,双箭转债,127054,2023-10-27 13:38,125.98,126.0,126.0,125.89,172,216693.0,0.09,0.08,0.1,0.03
158,双箭转债,127054,2023-10-27 13:39,125.948,125.949,125.999,125.945,96,120918.0,0.04,-0.04,-0.051,0.02
159,双箭转债,127054,2023-10-27 13:40,125.949,126.152,126.378,125.944,563,709488.0,0.34,0.16,0.203,0.11
160,双箭转债,127054,2023-10-27 13:41,126.229,126.127,126.372,126.113,72,90866.0,0.21,-0.02,-0.025,0.01
161,双箭转债,127054,2023-10-27 13:42,126.133,126.287,126.287,126.133,33,41656.0,0.12,0.13,0.16,0.01
162,双箭转债,127054,2023-10-27 13:43,126.228,126.308,126.372,126.152,37,46734.0,0.17,0.02,0.021,0.01
163,双箭转债,127054,2023-10-27 13:44,126.372,126.372,126.372,126.372,31,39170.0,0.0,0.05,0.064,0.01
164,双箭转债,127054,2023-10-27 13:45,126.372,126.241,126.372,126.241,103,130114.0,0.1,-0.1,-0.131,0.02
165,双箭转债,127054,2023-10-27 13:46,126.308,126.498,126.498,126.244,131,165567.0,0.2,0.2,0.257,0.03
166,双箭转债,127054,2023-10-27 13:47,126.441,126.289,126.503,126.289,160,202309.0,0.17,-0.17,-0.209,0.03
167,双箭转债,127054,2023-10-27 13:48,126.282,126.45,126.45,126.282,49,61901.0,0.13,0.13,0.161,0.01
168,双箭转债,127054,2023-10-27 13:49,126.45,126.56,126.56,126.378,35,44261.0,0.14,0.09,0.11,0.01
169,双箭转债,127054,2023-10-27 13:50,126.56,126.58,126.58,126.447,40,50619.0,0.11,0.02,0.02,0.01
170,双箭转债,127054,2023-10-27 13:51,126.6,126.613,126.663,126.506,52,65816.0,0.12,0.03,0.033,0.01
171,双箭转债,127054,2023-10-27 13:52,126.644,126.618,126.644,126.587,100,126615.0,0.05,0.0,0.005,0.02
172,双箭转债,127054,2023-10-27 13:53,126.594,126.613,126.638,126.588,110,139265.0,0.04,0.0,-0.005,0.02
173,双箭转债,127054,2023-10-27 13:54,126.618,126.586,126.7,126.586,72,91181.0,0.09,-0.02,-0.027,0.01
174,双箭转债,127054,2023-10-27 13:55,126.586,126.653,126.692,126.51,39,49362.0,0.14,0.05,0.067,0.01
175,双箭转债,127054,2023-10-27 13:56,126.585,126.586,126.619,126.58,55,69621.0,0.03,-0.05,-0.067,0.01
176,双箭转债,127054,2023-10-27 13:57,126.61,126.679,126.679,126.551,104,131664.0,0.1,0.07,0.093,0.02
177,双箭转债,127054,2023-10-27 13:58,126.62,126.623,126.623,126.61,47,59511.0,0.01,-0.04,-0.056,0.01
178,双箭转债,127054,2023-10-27 13:59,126.594,126.623,126.623,126.594,30,37984.0,0.02,0.0,0.0,0.01
179,双箭转债,127054,2023-10-27 14:00,126.623,126.779,126.779,126.623,69,87688.0,0.12,0.12,0.156,0.01
180,双箭转债,127054,2023-10-27 14:01,126.8,126.89,126.89,126.741,99,125549.0,0.12,0.09,0.111,0.02
181,双箭转债,127054,2023-10-27 14:02,126.89,126.822,126.947,126.741,75,95147.0,0.16,-0.05,-0.068,0.01
182,双箭转债,127054,2023-10-27 14:03,126.822,126.888,126.894,126.744,53,67206.0,0.12,0.05,0.066,0.01
183,双箭转债,127054,2023-10-27 14:04,126.884,126.849,126.884,126.704,60,76051.0,0.14,-0.03,-0.039,0.01
184,双箭转债,127054,2023-10-27 14:05,126.725,126.56,126.731,126.56,201,254356.0,0.13,-0.23,-0.289,0.04
185,双箭转债,127054,2023-10-27 14:06,126.392,126.392,126.392,126.391,135,170553.0,0.0,-0.13,-0.168,0.03
186,双箭转债,127054,2023-10-27 14:07,126.392,126.31,126.392,126.305,169,213477.0,0.07,-0.06,-0.082,0.03
187,双箭转债,127054,2023-10-27 14:08,126.226,126.15,126.264,126.15,183,230916.0,0.09,-0.13,-0.16,0.04
188,双箭转债,127054,2023-10-27 14:09,126.009,126.093,126.132,125.874,90,113413.0,0.2,-0.05,-0.057,0.02
189,双箭转债,127054,2023-10-27 14:10,126.081,126.085,126.085,125.901,134,168881.0,0.15,-0.01,-0.008,0.03
190,双箭转债,127054,2023-10-27 14:11,126.066,126.258,126.279,125.916,91,114721.0,0.29,0.14,0.173,0.02
191,双箭转债,127054,2023-10-27 14:12,126.155,126.127,126.155,126.043,76,95853.0,0.09,-0.1,-0.131,0.01
192,双箭转债,127054,2023-10-27 14:13,126.127,126.24,126.24,126.127,56,70676.0,0.09,0.09,0.113,0.01
193,双箭转债,127054,2023-10-27 14:14,126.136,126.138,126.24,126.132,55,69390.0,0.09,-0.08,-0.102,0.01
194,双箭转债,127054,2023-10-27 14:15,126.091,126.022,126.091,126.022,51,64272.0,0.05,-0.09,-0.116,0.01
195,双箭转债,127054,2023-10-27 14:16,126.022,126.043,126.133,126.012,112,141160.0,0.1,0.02,0.021,0.02
196,双箭转债,127054,2023-10-27 14:17,125.929,125.925,125.929,125.809,209,263100.0,0.1,-0.09,-0.118,0.04
197,双箭转债,127054,2023-10-27 14:18,125.8,125.805,125.879,125.772,197,247894.0,0.08,-0.1,-0.12,0.04
198,双箭转债,127054,2023-10-27 14:19,125.805,126.08,126.08,125.805,71,89388.0,0.22,0.22,0.275,0.01
199,双箭转债,127054,2023-10-27 14:20,126.089,126.085,126.094,125.898,81,102120.0,0.16,0.0,0.005,0.02
200,双箭转债,127054,2023-10-27 14:21,125.657,125.863,125.9,125.652,102,128309.0,0.2,-0.18,-0.222,0.02
201,双箭转债,127054,2023-10-27 14:22,125.904,125.896,125.935,125.782,168,211528.0,0.12,0.03,0.033,0.03
202,双箭转债,127054,2023-10-27 14:23,126.038,125.707,126.092,125.707,357,449401.0,0.31,-0.15,-0.189,0.07
203,双箭转债,127054,2023-10-27 14:24,125.721,125.563,125.721,125.149,83,104226.0,0.46,-0.11,-0.144,0.02
204,双箭转债,127054,2023-10-27 14:25,125.535,125.45,125.535,125.445,77,96657.0,0.07,-0.09,-0.113,0.01
205,双箭转债,127054,2023-10-27 14:26,125.45,125.39,125.534,125.39,157,196998.0,0.11,-0.05,-0.06,0.03
206,双箭转债,127054,2023-10-27 14:27,125.419,125.317,125.442,125.243,103,129144.0,0.16,-0.06,-0.073,0.02
207,双箭转债,127054,2023-10-27 14:28,125.326,125.289,125.326,125.289,122,152880.0,0.03,-0.02,-0.028,0.02
208,双箭转债,127054,2023-10-27 14:29,125.289,125.201,125.289,125.201,61,76417.0,0.07,-0.07,-0.088,0.01
209,双箭转债,127054,2023-10-27 14:30,125.315,125.314,125.315,125.2,39,48869.0,0.09,0.09,0.113,0.01
210,双箭转债,127054,2023-10-27 14:31,125.315,125.054,125.315,125.054,1263,1579187.0,0.21,-0.21,-0.26,0.25
211,双箭转债,127054,2023-10-27 14:32,125.052,124.898,125.052,124.881,95,118707.0,0.14,-0.12,-0.156,0.02
212,双箭转债,127054,2023-10-27 14:33,125.027,124.894,125.027,124.846,150,187337.0,0.14,0.0,-0.004,0.03
213,双箭转债,127054,2023-10-27 14:34,124.885,124.894,124.894,124.81,138,172327.0,0.07,0.0,0.0,0.03
214,双箭转债,127054,2023-10-27 14:35,124.894,124.991,124.991,124.894,90,112416.0,0.08,0.08,0.097,0.02
215,双箭转债,127054,2023-10-27 14:36,124.991,124.96,124.991,124.943,283,353611.0,0.04,-0.02,-0.031,0.06
216,双箭转债,127054,2023-10-27 14:37,124.956,124.878,124.956,124.81,98,122368.0,0.12,-0.07,-0.082,0.02
217,双箭转债,127054,2023-10-27 14:38,124.874,125.328,125.328,124.8,185,231020.0,0.42,0.36,0.45,0.04
218,双箭转债,127054,2023-10-27 14:39,125.145,124.803,125.145,124.777,78,97516.0,0.29,-0.42,-0.525,0.02
219,双箭转债,127054,2023-10-27 14:40,125.027,124.805,125.027,124.647,238,296817.0,0.3,0.0,0.002,0.05
220,双箭转债,127054,2023-10-27 14:41,124.805,124.758,124.805,124.758,306,381825.0,0.04,-0.04,-0.047,0.06
221,双箭转债,127054,2023-10-27 14:42,124.758,124.658,124.805,124.658,362,451507.0,0.12,-0.08,-0.1,0.07
222,双箭转债,127054,2023-10-27 14:43,124.658,124.631,124.658,124.559,295,367689.0,0.08,-0.02,-0.027,0.06
223,双箭转债,127054,2023-10-27 14:44,124.631,124.724,124.724,124.628,179,223117.0,0.08,0.07,0.093,0.03
224,双箭转债,127054,2023-10-27 14:45,124.724,124.998,125.001,124.724,355,443048.0,0.22,0.22,0.274,0.07
225,双箭转债,127054,2023-10-27 14:46,124.847,125.0,125.011,124.847,622,777314.0,0.13,0.0,0.002,0.12
226,双箭转债,127054,2023-10-27 14:47,124.986,125.02,125.203,124.986,206,257979.0,0.17,0.02,0.02,0.04
227,双箭转债,127054,2023-10-27 14:48,125.088,125.086,125.088,125.023,95,118806.0,0.05,0.05,0.066,0.02
228,双箭转债,127054,2023-10-27 14:49,125.053,125.153,125.194,125.053,158,197669.0,0.11,0.05,0.067,0.03
229,双箭转债,127054,2023-10-27 14:50,125.16,125.124,125.192,125.1,118,147668.0,0.07,-0.02,-0.029,0.02
230,双箭转债,127054,2023-10-27 14:51,125.163,125.204,125.346,125.162,166,207795.0,0.15,0.06,0.08,0.03
231,双箭转债,127054,2023-10-27 14:52,125.204,125.757,125.757,125.204,576,722645.0,0.44,0.44,0.553,0.11
232,双箭转债,127054,2023-10-27 14:53,125.74,125.606,125.74,125.56,313,393021.0,0.14,-0.12,-0.151,0.06
233,双箭转债,127054,2023-10-27 14:54,125.606,125.655,125.655,125.6,196,246224.0,0.04,0.04,0.049,0.04
234,双箭转债,127054,2023-10-27 14:55,125.655,125.563,125.655,125.563,200,251216.0,0.07,-0.07,-0.092,0.04
235,双箭转债,127054,2023-10-27 14:56,125.563,126.0,126.0,125.563,625,786447.0,0.35,0.35,0.437,0.12
236,双箭转债,127054,2023-10-27 14:57,126.0,125.884,126.042,125.832,464,584293.0,0.17,-0.09,-0.116,0.09
237,双箭转债,127054,2023-10-27 14:58,125.884,125.884,125.884,125.884,0,0.0,0.0,0.0,0.0,0.0
238,双箭转债,127054,2023-10-27 14:59,125.884,125.884,125.884,125.884,0,0.0,0.0,0.0,0.0,0.0
239,双箭转债,127054,2023-10-27 15:00,126.0,126.0,126.0,126.0,40,50400.0,0.0,0.09,0.116,0.01
