,债券名称,债券代码,日期,开盘,收盘,最高,最低,成交量,成交额,振幅,涨跌幅,涨跌额,换手率
0,天源转债,123213,2023-12-20 09:31,123.42,123.908,124.175,123.42,229,283792.0,0.61,0.45,0.56,0.02
1,天源转债,123213,2023-12-20 09:32,124.25,124.0,124.462,123.988,102,126708.0,0.38,0.07,0.092,0.01
2,天源转债,123213,2023-12-20 09:33,124.336,124.366,124.47,124.099,67,83289.0,0.3,0.3,0.366,0.01
3,天源转债,123213,2023-12-20 09:34,124.351,124.38,124.733,124.351,191,237790.0,0.31,0.01,0.014,0.02
4,天源转债,123213,2023-12-20 09:35,124.403,124.395,124.513,124.264,158,196633.0,0.2,0.01,0.015,0.02
5,天源转债,123213,2023-12-20 09:36,124.418,124.114,124.501,124.023,132,163986.0,0.38,-0.23,-0.281,0.01
6,天源转债,123213,2023-12-20 09:37,124.191,124.0,124.191,123.859,73,90443.0,0.27,-0.09,-0.114,0.01
7,天源转债,123213,2023-12-20 09:38,124.09,124.032,124.175,123.946,81,100505.0,0.18,0.03,0.032,0.01
8,天源转债,123213,2023-12-20 09:39,124.066,124.039,124.066,123.781,152,188404.0,0.23,0.01,0.007,0.02
9,天源转债,123213,2023-12-20 09:40,123.923,123.865,123.947,123.802,85,105270.0,0.12,-0.14,-0.174,0.01
10,天源转债,123213,2023-12-20 09:41,123.978,123.974,123.978,123.921,37,45867.0,0.05,0.09,0.109,0.0
11,天源转债,123213,2023-12-20 09:42,123.976,123.976,123.976,123.976,26,32233.0,0.0,0.0,0.002,0.0
12,天源转债,123213,2023-12-20 09:43,124.033,123.978,124.033,123.978,44,54569.0,0.04,0.0,0.002,0.0
13,天源转债,123213,2023-12-20 09:44,124.049,124.049,124.049,124.049,5,6202.0,0.0,0.06,0.071,0.0
14,天源转债,123213,2023-12-20 09:45,123.988,123.956,123.988,123.956,2,2479.0,0.03,-0.07,-0.093,0.0
15,天源转债,123213,2023-12-20 09:46,123.925,123.984,123.984,123.421,159,196861.0,0.45,0.02,0.028,0.02
16,天源转债,123213,2023-12-20 09:47,123.862,123.862,123.862,123.862,17,21057.0,0.0,-0.1,-0.122,0.0
17,天源转债,123213,2023-12-20 09:48,123.982,124.172,124.172,123.982,55,68096.0,0.15,0.25,0.31,0.01
18,天源转债,123213,2023-12-20 09:49,124.052,123.916,124.052,123.916,25,31008.0,0.11,-0.21,-0.256,0.0
19,天源转债,123213,2023-12-20 09:50,124.108,123.888,124.108,123.888,63,78064.0,0.18,-0.02,-0.028,0.01
20,天源转债,123213,2023-12-20 09:51,123.894,123.784,123.894,123.741,67,82920.0,0.12,-0.08,-0.104,0.01
21,天源转债,123213,2023-12-20 09:52,123.784,123.897,123.9,123.783,62,76784.0,0.09,0.09,0.113,0.01
22,天源转债,123213,2023-12-20 09:53,123.897,123.897,123.897,123.897,0,0.0,0.0,0.0,0.0,0.0
23,天源转债,123213,2023-12-20 09:54,123.964,124.101,124.101,123.964,16,19838.0,0.11,0.16,0.204,0.0
24,天源转债,123213,2023-12-20 09:55,124.104,124.167,124.35,123.969,149,185034.0,0.31,0.05,0.066,0.01
25,天源转债,123213,2023-12-20 09:56,124.335,124.353,124.353,124.251,136,169043.0,0.08,0.15,0.186,0.01
26,天源转债,123213,2023-12-20 09:57,124.331,124.25,124.428,124.25,22,27342.0,0.14,-0.08,-0.103,0.0
27,天源转债,123213,2023-12-20 09:58,124.273,124.318,124.425,124.22,45,55933.0,0.16,0.05,0.068,0.0
28,天源转债,123213,2023-12-20 09:59,124.435,124.27,124.435,124.27,34,42279.0,0.13,-0.04,-0.048,0.0
29,天源转债,123213,2023-12-20 10:00,124.348,124.38,124.599,124.327,219,272630.0,0.22,0.09,0.11,0.02
30,天源转债,123213,2023-12-20 10:01,124.479,124.788,124.798,124.384,347,432547.0,0.33,0.33,0.408,0.03
31,天源转债,123213,2023-12-20 10:02,124.551,124.536,124.779,124.41,275,342502.0,0.3,-0.2,-0.252,0.03
32,天源转债,123213,2023-12-20 10:03,124.536,124.388,124.54,124.309,304,378471.0,0.19,-0.12,-0.148,0.03
33,天源转债,123213,2023-12-20 10:04,124.388,124.51,124.574,124.388,102,126949.0,0.15,0.1,0.122,0.01
34,天源转债,123213,2023-12-20 10:05,124.478,124.6,124.756,124.478,980,1221551.0,0.22,0.07,0.09,0.1
35,天源转债,123213,2023-12-20 10:06,124.755,124.599,124.756,124.39,526,654801.0,0.29,0.0,-0.001,0.05
36,天源转债,123213,2023-12-20 10:07,124.524,124.638,124.752,124.439,341,424833.0,0.25,0.03,0.039,0.03
37,天源转债,123213,2023-12-20 10:08,124.545,124.576,124.638,124.514,103,128286.0,0.1,-0.05,-0.062,0.01
38,天源转债,123213,2023-12-20 10:09,124.515,124.428,124.576,124.428,827,1029611.0,0.12,-0.12,-0.148,0.08
39,天源转债,123213,2023-12-20 10:10,124.591,124.357,124.591,124.315,254,316032.0,0.22,-0.06,-0.071,0.03
40,天源转债,123213,2023-12-20 10:11,124.405,124.476,124.646,124.405,744,925697.0,0.19,0.1,0.119,0.07
41,天源转债,123213,2023-12-20 10:12,124.478,124.44,124.521,124.371,148,184218.0,0.12,-0.03,-0.036,0.01
42,天源转债,123213,2023-12-20 10:13,124.438,124.219,124.438,124.219,286,355583.0,0.18,-0.18,-0.221,0.03
43,天源转债,123213,2023-12-20 10:14,124.238,124.117,124.325,124.101,163,202436.0,0.18,-0.08,-0.102,0.02
44,天源转债,123213,2023-12-20 10:15,124.195,124.169,124.195,124.061,101,125419.0,0.11,0.04,0.052,0.01
45,天源转债,123213,2023-12-20 10:16,124.08,124.155,124.162,124.076,99,122874.0,0.07,-0.01,-0.014,0.01
46,天源转债,123213,2023-12-20 10:17,124.156,124.157,124.157,123.899,119,147679.0,0.21,0.0,0.002,0.01
47,天源转债,123213,2023-12-20 10:18,124.172,123.899,124.172,123.899,217,269121.0,0.22,-0.21,-0.258,0.02
48,天源转债,123213,2023-12-20 10:19,123.959,123.995,124.054,123.959,52,64471.0,0.08,0.08,0.096,0.01
49,天源转债,123213,2023-12-20 10:20,123.959,123.803,123.959,123.803,158,195853.0,0.13,-0.15,-0.192,0.02
50,天源转债,123213,2023-12-20 10:21,123.847,123.96,123.96,123.815,93,115190.0,0.12,0.13,0.157,0.01
51,天源转债,123213,2023-12-20 10:22,123.864,124.07,124.07,123.864,99,122757.0,0.17,0.09,0.11,0.01
52,天源转债,123213,2023-12-20 10:23,124.07,123.973,124.165,123.973,92,114150.0,0.15,-0.08,-0.097,0.01
53,天源转债,123213,2023-12-20 10:24,124.167,124.268,124.268,123.99,134,166432.0,0.22,0.24,0.295,0.01
54,天源转债,123213,2023-12-20 10:25,124.186,124.086,124.221,124.086,61,75754.0,0.11,-0.15,-0.182,0.01
55,天源转债,123213,2023-12-20 10:26,124.251,124.153,124.252,124.086,85,105573.0,0.13,0.05,0.067,0.01
56,天源转债,123213,2023-12-20 10:27,124.157,124.165,124.245,124.086,78,96852.0,0.13,0.01,0.012,0.01
57,天源转债,123213,2023-12-20 10:28,124.166,124.3,124.3,124.166,118,146636.0,0.11,0.11,0.135,0.01
58,天源转债,123213,2023-12-20 10:29,124.299,124.4,124.4,124.299,232,288418.0,0.08,0.08,0.1,0.02
59,天源转债,123213,2023-12-20 10:30,124.51,124.5,124.549,124.412,234,291351.0,0.11,0.08,0.1,0.02
60,天源转债,123213,2023-12-20 10:31,124.547,124.411,124.547,124.411,19,23659.0,0.11,-0.07,-0.089,0.0
61,天源转债,123213,2023-12-20 10:32,124.508,124.55,124.55,124.379,64,79698.0,0.14,0.11,0.139,0.01
62,天源转债,123213,2023-12-20 10:33,124.399,124.399,124.399,124.399,20,25149.0,0.0,-0.12,-0.151,0.0
63,天源转债,123213,2023-12-20 10:34,124.402,124.309,124.402,124.309,49,60913.0,0.07,-0.07,-0.09,0.0
64,天源转债,123213,2023-12-20 10:35,124.2,124.502,124.502,124.2,108,134241.0,0.24,0.16,0.193,0.01
65,天源转债,123213,2023-12-20 10:36,124.317,124.492,124.492,124.317,8,9955.0,0.14,-0.01,-0.01,0.0
66,天源转债,123213,2023-12-20 10:37,124.5,124.491,124.5,124.313,47,58496.0,0.15,0.0,-0.001,0.0
67,天源转债,123213,2023-12-20 10:38,124.491,124.501,124.55,124.357,107,133228.0,0.16,0.01,0.01,0.01
68,天源转债,123213,2023-12-20 10:39,124.49,124.499,124.499,124.417,17,21160.0,0.07,0.0,-0.002,0.0
69,天源转债,123213,2023-12-20 10:40,124.412,124.407,124.412,124.404,17,21149.0,0.01,-0.07,-0.092,0.0
70,天源转债,123213,2023-12-20 10:41,124.409,124.403,124.409,124.403,43,53494.0,0.0,0.0,-0.004,0.0
71,天源转债,123213,2023-12-20 10:42,124.407,124.198,124.407,124.198,95,118071.0,0.17,-0.16,-0.205,0.01
72,天源转债,123213,2023-12-20 10:43,124.2,124.197,124.2,124.197,47,58373.0,0.0,0.0,-0.001,0.0
73,天源转债,123213,2023-12-20 10:44,124.12,124.064,124.191,124.006,8,9929.0,0.15,-0.11,-0.133,0.0
74,天源转债,123213,2023-12-20 10:45,124.191,124.461,124.461,124.098,164,203741.0,0.29,0.32,0.397,0.02
75,天源转债,123213,2023-12-20 10:46,124.461,124.461,124.461,124.461,0,0.0,0.0,0.0,0.0,0.0
76,天源转债,123213,2023-12-20 10:47,124.239,124.238,124.239,124.238,21,26090.0,0.0,-0.18,-0.223,0.0
77,天源转债,123213,2023-12-20 10:48,124.238,124.238,124.238,124.238,13,16150.0,0.0,0.0,0.0,0.0
78,天源转债,123213,2023-12-20 10:49,124.171,124.103,124.224,124.103,99,122954.0,0.1,-0.11,-0.135,0.01
79,天源转债,123213,2023-12-20 10:50,124.107,124.101,124.107,124.101,32,39713.0,0.0,0.0,-0.002,0.0
80,天源转债,123213,2023-12-20 10:51,124.101,124.101,124.101,124.101,23,28543.0,0.0,0.0,0.0,0.0
81,天源转债,123213,2023-12-20 10:52,124.065,124.064,124.065,124.064,30,37219.0,0.0,-0.03,-0.037,0.0
82,天源转债,123213,2023-12-20 10:53,124.209,124.113,124.209,124.113,43,53381.0,0.08,0.04,0.049,0.0
83,天源转债,123213,2023-12-20 10:54,124.116,124.049,124.116,123.959,85,105451.0,0.13,-0.05,-0.064,0.01
84,天源转债,123213,2023-12-20 10:55,123.959,123.924,124.067,123.921,88,109139.0,0.12,-0.1,-0.125,0.01
85,天源转债,123213,2023-12-20 10:56,124.238,124.115,124.238,124.115,38,47195.0,0.1,0.15,0.191,0.0
86,天源转债,123213,2023-12-20 10:57,124.114,124.106,124.114,124.106,20,24822.0,0.01,-0.01,-0.009,0.0
87,天源转债,123213,2023-12-20 10:58,124.105,124.105,124.105,124.105,21,26062.0,0.0,0.0,-0.001,0.0
88,天源转债,123213,2023-12-20 10:59,124.105,124.105,124.105,124.105,30,37231.0,0.0,0.0,0.0,0.0
89,天源转债,123213,2023-12-20 11:00,123.992,123.987,123.992,123.987,44,54556.0,0.0,-0.1,-0.118,0.0
90,天源转债,123213,2023-12-20 11:01,123.987,123.987,123.987,123.987,0,0.0,0.0,0.0,0.0,0.0
91,天源转债,123213,2023-12-20 11:02,123.987,123.987,123.987,123.987,0,0.0,0.0,0.0,0.0,0.0
92,天源转债,123213,2023-12-20 11:03,123.921,124.022,124.022,123.92,55,68160.0,0.08,0.03,0.035,0.01
93,天源转债,123213,2023-12-20 11:04,124.022,124.022,124.022,124.022,49,60770.0,0.0,0.0,0.0,0.0
94,天源转债,123213,2023-12-20 11:05,124.022,124.022,124.022,124.022,0,0.0,0.0,0.0,0.0,0.0
95,天源转债,123213,2023-12-20 11:06,124.176,124.329,124.329,124.11,140,173865.0,0.18,0.25,0.307,0.01
96,天源转债,123213,2023-12-20 11:07,124.161,123.982,124.161,123.982,16,19847.0,0.14,-0.28,-0.347,0.0
97,天源转债,123213,2023-12-20 11:08,124.022,124.023,124.023,124.022,32,39687.0,0.0,0.03,0.041,0.0
98,天源转债,123213,2023-12-20 11:09,124.021,124.021,124.021,124.021,30,37206.0,0.0,0.0,-0.002,0.0
99,天源转债,123213,2023-12-20 11:10,124.018,124.018,124.018,124.018,6,7441.0,0.0,0.0,-0.003,0.0
100,天源转债,123213,2023-12-20 11:11,124.017,123.876,124.017,123.876,152,188375.0,0.11,-0.11,-0.142,0.02
101,天源转债,123213,2023-12-20 11:12,123.875,123.875,123.875,123.875,20,24775.0,0.0,0.0,-0.001,0.0
102,天源转债,123213,2023-12-20 11:13,123.874,123.874,123.874,123.874,10,12387.0,0.0,0.0,-0.001,0.0
103,天源转债,123213,2023-12-20 11:14,123.874,123.85,123.874,123.85,35,43352.0,0.02,-0.02,-0.024,0.0
104,天源转债,123213,2023-12-20 11:15,124.008,124.009,124.009,124.008,50,61994.0,0.0,0.13,0.159,0.01
105,天源转债,123213,2023-12-20 11:16,124.01,124.01,124.01,124.01,1,1240.0,0.0,0.0,0.001,0.0
106,天源转债,123213,2023-12-20 11:17,124.009,124.009,124.009,124.009,30,37202.0,0.0,0.0,-0.001,0.0
107,天源转债,123213,2023-12-20 11:18,124.009,123.874,124.009,123.874,71,88030.0,0.11,-0.11,-0.135,0.01
108,天源转债,123213,2023-12-20 11:19,123.849,123.719,123.849,123.719,65,80488.0,0.1,-0.13,-0.155,0.01
109,天源转债,123213,2023-12-20 11:20,123.719,123.717,123.719,123.717,19,23507.0,0.0,0.0,-0.002,0.0
110,天源转债,123213,2023-12-20 11:21,123.717,123.722,123.906,123.717,38,47015.0,0.15,0.0,0.005,0.0
111,天源转债,123213,2023-12-20 11:22,123.722,123.726,123.726,123.722,10,12372.0,0.0,0.0,0.004,0.0
112,天源转债,123213,2023-12-20 11:23,123.897,123.724,123.897,123.724,42,51984.0,0.14,0.0,-0.002,0.0
113,天源转债,123213,2023-12-20 11:24,123.723,123.876,123.876,123.723,11,13611.0,0.12,0.12,0.152,0.0
114,天源转债,123213,2023-12-20 11:25,123.76,123.7,123.76,123.7,112,138569.0,0.05,-0.14,-0.176,0.01
115,天源转债,123213,2023-12-20 11:26,123.606,123.606,123.606,123.606,8,9888.0,0.0,-0.08,-0.094,0.0
116,天源转债,123213,2023-12-20 11:27,123.596,123.596,123.596,123.596,41,50675.0,0.0,-0.01,-0.01,0.0
117,天源转债,123213,2023-12-20 11:28,123.592,123.565,123.592,123.565,25,30896.0,0.02,-0.03,-0.031,0.0
118,天源转债,123213,2023-12-20 11:29,123.565,123.552,123.565,123.542,75,92666.0,0.02,-0.01,-0.013,0.01
119,天源转债,123213,2023-12-20 11:30,123.62,123.88,123.88,123.62,114,140994.0,0.21,0.27,0.328,0.01
120,天源转债,123213,2023-12-20 13:01,123.736,123.523,123.736,123.523,201,248505.0,0.17,-0.29,-0.357,0.02
121,天源转债,123213,2023-12-20 13:02,123.47,123.639,123.7,123.47,81,100063.0,0.19,0.09,0.116,0.01
122,天源转债,123213,2023-12-20 13:03,123.639,123.693,123.693,123.525,43,53153.0,0.14,0.04,0.054,0.0
123,天源转债,123213,2023-12-20 13:04,123.693,123.583,123.85,123.583,134,165801.0,0.22,-0.09,-0.11,0.01
124,天源转债,123213,2023-12-20 13:05,123.814,123.799,123.814,123.623,43,53231.0,0.15,0.17,0.216,0.0
125,天源转债,123213,2023-12-20 13:06,123.586,123.729,123.729,123.482,58,71693.0,0.2,-0.06,-0.07,0.01
126,天源转债,123213,2023-12-20 13:07,123.729,123.723,123.729,123.723,12,14847.0,0.0,0.0,-0.006,0.0
127,天源转债,123213,2023-12-20 13:08,123.723,123.726,123.729,123.723,39,48253.0,0.0,0.0,0.003,0.0
128,天源转债,123213,2023-12-20 13:09,123.723,123.617,123.723,123.617,43,53159.0,0.09,-0.09,-0.109,0.0
129,天源转债,123213,2023-12-20 13:10,123.617,123.71,123.71,123.526,24,29679.0,0.15,0.08,0.093,0.0
130,天源转债,123213,2023-12-20 13:11,123.729,123.8,123.8,123.729,66,81667.0,0.06,0.07,0.09,0.01
131,天源转债,123213,2023-12-20 13:12,123.878,124.0,124.0,123.878,66,81804.0,0.1,0.16,0.2,0.01
132,天源转债,123213,2023-12-20 13:13,124.0,123.96,124.0,123.959,44,54539.0,0.03,-0.03,-0.04,0.0
133,天源转债,123213,2023-12-20 13:14,123.952,124.165,124.165,123.857,42,52112.0,0.25,0.17,0.205,0.0
134,天源转债,123213,2023-12-20 13:15,124.166,124.268,124.268,123.939,64,79427.0,0.26,0.08,0.103,0.01
135,天源转债,123213,2023-12-20 13:16,124.264,124.147,124.27,124.147,45,55888.0,0.1,-0.1,-0.121,0.0
136,天源转债,123213,2023-12-20 13:17,124.301,124.134,124.301,124.134,51,63337.0,0.13,-0.01,-0.013,0.01
137,天源转债,123213,2023-12-20 13:18,124.28,124.134,124.28,124.134,43,53402.0,0.12,0.0,0.0,0.0
138,天源转债,123213,2023-12-20 13:19,123.98,124.084,124.084,123.979,55,68198.0,0.08,-0.04,-0.05,0.01
139,天源转债,123213,2023-12-20 13:20,124.083,123.929,124.083,123.929,20,24801.0,0.12,-0.12,-0.155,0.0
140,天源转债,123213,2023-12-20 13:21,123.93,124.06,124.06,123.93,40,49610.0,0.1,0.11,0.131,0.0
141,天源转债,123213,2023-12-20 13:22,123.935,124.314,124.314,123.935,85,105447.0,0.31,0.2,0.254,0.01
142,天源转债,123213,2023-12-20 13:23,124.309,124.082,124.309,124.082,16,19882.0,0.18,-0.19,-0.232,0.0
143,天源转债,123213,2023-12-20 13:24,124.139,124.135,124.139,124.086,40,49644.0,0.04,0.04,0.053,0.0
144,天源转债,123213,2023-12-20 13:25,124.306,124.303,124.306,124.104,45,55933.0,0.16,0.14,0.168,0.0
145,天源转债,123213,2023-12-20 13:26,124.105,124.303,124.305,124.105,95,118032.0,0.16,0.0,0.0,0.01
146,天源转债,123213,2023-12-20 13:27,124.43,124.39,124.43,124.196,77,95772.0,0.19,0.07,0.087,0.01
147,天源转债,123213,2023-12-20 13:28,124.39,124.212,124.39,124.212,48,59669.0,0.14,-0.14,-0.178,0.0
148,天源转债,123213,2023-12-20 13:29,124.212,124.38,124.38,124.212,18,22381.0,0.14,0.14,0.168,0.0
149,天源转债,123213,2023-12-20 13:30,124.378,124.218,124.38,124.218,37,46000.0,0.13,-0.13,-0.162,0.0
150,天源转债,123213,2023-12-20 13:31,124.212,124.133,124.236,124.133,97,120473.0,0.08,-0.07,-0.085,0.01
151,天源转债,123213,2023-12-20 13:32,124.0,124.227,124.227,124.0,56,69454.0,0.18,0.08,0.094,0.01
152,天源转债,123213,2023-12-20 13:33,124.237,124.237,124.237,124.044,77,95607.0,0.16,0.01,0.01,0.01
153,天源转债,123213,2023-12-20 13:34,124.237,124.159,124.299,124.159,24,29821.0,0.11,-0.06,-0.078,0.0
154,天源转债,123213,2023-12-20 13:35,124.299,124.299,124.299,124.299,5,6214.0,0.0,0.11,0.14,0.0
155,天源转债,123213,2023-12-20 13:36,124.299,124.033,124.299,124.033,70,86881.0,0.21,-0.21,-0.266,0.01
156,天源转债,123213,2023-12-20 13:37,124.146,124.145,124.146,124.145,50,62066.0,0.0,0.09,0.112,0.01
157,天源转债,123213,2023-12-20 13:38,124.274,124.374,124.374,124.16,68,84496.0,0.17,0.18,0.229,0.01
158,天源转债,123213,2023-12-20 13:39,124.376,124.295,124.378,124.295,32,39792.0,0.07,-0.06,-0.079,0.0
159,天源转债,123213,2023-12-20 13:40,124.377,124.295,124.377,124.295,96,119368.0,0.07,0.0,0.0,0.01
160,天源转债,123213,2023-12-20 13:41,124.175,124.175,124.175,124.175,64,79472.0,0.0,-0.1,-0.12,0.01
161,天源转债,123213,2023-12-20 13:42,124.12,124.017,124.12,124.017,36,44664.0,0.08,-0.13,-0.158,0.0
162,天源转债,123213,2023-12-20 13:43,124.0,124.0,124.077,124.0,43,53325.0,0.06,-0.01,-0.017,0.0
163,天源转债,123213,2023-12-20 13:44,124.0,123.915,124.0,123.915,73,90496.0,0.07,-0.07,-0.085,0.01
164,天源转债,123213,2023-12-20 13:45,123.915,123.838,123.915,123.838,31,38396.0,0.06,-0.06,-0.077,0.0
165,天源转债,123213,2023-12-20 13:46,123.833,123.786,123.833,123.786,8,9903.0,0.04,-0.04,-0.052,0.0
166,天源转债,123213,2023-12-20 13:47,123.785,123.789,123.789,123.785,37,45810.0,0.0,0.0,0.003,0.0
167,天源转债,123213,2023-12-20 13:48,123.794,123.794,123.977,123.794,59,73065.0,0.15,0.0,0.005,0.01
168,天源转债,123213,2023-12-20 13:49,123.794,123.793,123.794,123.793,34,42089.0,0.0,0.0,-0.001,0.0
169,天源转债,123213,2023-12-20 13:50,123.7,123.55,123.744,123.454,104,128673.0,0.23,-0.2,-0.243,0.01
170,天源转债,123213,2023-12-20 13:51,123.442,123.627,123.639,123.441,94,116137.0,0.16,0.06,0.077,0.01
171,天源转债,123213,2023-12-20 13:52,123.627,123.414,123.627,123.414,95,117369.0,0.17,-0.17,-0.213,0.01
172,天源转债,123213,2023-12-20 13:53,123.401,123.395,123.401,123.361,61,75270.0,0.03,-0.02,-0.019,0.01
173,天源转债,123213,2023-12-20 13:54,123.39,123.468,123.468,123.355,36,44414.0,0.09,0.06,0.073,0.0
174,天源转债,123213,2023-12-20 13:55,123.344,123.286,123.344,123.215,106,130671.0,0.1,-0.15,-0.182,0.01
175,天源转债,123213,2023-12-20 13:56,123.299,123.39,123.431,123.299,382,471077.0,0.11,0.08,0.104,0.04
176,天源转债,123213,2023-12-20 13:57,123.368,123.4,123.405,123.221,196,241750.0,0.15,0.01,0.01,0.02
177,天源转债,123213,2023-12-20 13:58,123.4,123.392,123.555,123.39,182,224813.0,0.13,-0.01,-0.008,0.02
178,天源转债,123213,2023-12-20 13:59,123.424,123.483,123.483,123.312,169,208529.0,0.14,0.07,0.091,0.02
179,天源转债,123213,2023-12-20 14:00,123.307,123.551,123.555,123.277,258,318577.0,0.23,0.06,0.068,0.03
180,天源转债,123213,2023-12-20 14:01,123.551,123.406,123.561,123.406,112,138364.0,0.13,-0.12,-0.145,0.01
181,天源转债,123213,2023-12-20 14:02,123.401,123.44,123.44,123.28,124,152960.0,0.13,0.03,0.034,0.01
182,天源转债,123213,2023-12-20 14:03,123.44,123.668,123.668,123.439,87,107435.0,0.19,0.18,0.228,0.01
183,天源转债,123213,2023-12-20 14:04,123.67,123.294,123.67,123.294,132,163022.0,0.3,-0.3,-0.374,0.01
184,天源转债,123213,2023-12-20 14:05,123.301,123.402,123.486,123.301,84,103631.0,0.15,0.09,0.108,0.01
185,天源转债,123213,2023-12-20 14:06,123.323,123.631,123.631,123.323,329,406204.0,0.25,0.19,0.229,0.03
186,天源转债,123213,2023-12-20 14:07,123.631,123.69,123.691,123.487,87,107588.0,0.17,0.05,0.059,0.01
187,天源转债,123213,2023-12-20 14:08,123.682,123.618,123.682,123.446,76,93879.0,0.19,-0.06,-0.072,0.01
188,天源转债,123213,2023-12-20 14:09,123.528,123.656,123.656,123.452,66,81559.0,0.17,0.03,0.038,0.01
189,天源转债,123213,2023-12-20 14:10,123.654,123.687,123.687,123.59,52,64303.0,0.08,0.03,0.031,0.01
190,天源转债,123213,2023-12-20 14:11,123.687,123.69,123.69,123.56,55,68007.0,0.11,0.0,0.003,0.01
191,天源转债,123213,2023-12-20 14:12,123.687,123.623,123.69,123.517,86,106299.0,0.14,-0.05,-0.067,0.01
192,天源转债,123213,2023-12-20 14:13,123.516,123.56,123.56,123.442,70,86445.0,0.1,-0.05,-0.063,0.01
193,天源转债,123213,2023-12-20 14:14,123.449,123.426,123.563,123.351,86,106150.0,0.17,-0.11,-0.134,0.01
194,天源转债,123213,2023-12-20 14:15,123.42,123.402,123.471,123.349,59,72815.0,0.1,-0.02,-0.024,0.01
195,天源转债,123213,2023-12-20 14:16,123.43,123.414,123.43,123.374,141,174007.0,0.05,0.01,0.012,0.01
196,天源转债,123213,2023-12-20 14:17,123.414,123.525,123.615,123.414,209,258146.0,0.16,0.09,0.111,0.02
197,天源转债,123213,2023-12-20 14:18,123.487,123.323,123.487,123.323,80,98730.0,0.13,-0.16,-0.202,0.01
198,天源转债,123213,2023-12-20 14:19,123.323,123.483,123.483,123.301,135,166556.0,0.15,0.13,0.16,0.01
199,天源转债,123213,2023-12-20 14:20,123.486,123.6,123.6,123.486,249,307492.0,0.09,0.09,0.117,0.02
200,天源转债,123213,2023-12-20 14:21,123.611,123.402,123.781,123.402,418,516499.0,0.31,-0.16,-0.198,0.04
201,天源转债,123213,2023-12-20 14:22,123.376,123.231,123.376,123.231,101,124550.0,0.12,-0.14,-0.171,0.01
202,天源转债,123213,2023-12-20 14:23,123.288,123.279,123.288,123.19,64,78866.0,0.08,0.04,0.048,0.01
203,天源转债,123213,2023-12-20 14:24,123.279,123.07,123.279,123.035,155,190843.0,0.2,-0.17,-0.209,0.02
204,天源转债,123213,2023-12-20 14:25,123.075,123.17,123.224,123.075,51,62809.0,0.12,0.08,0.1,0.01
205,天源转债,123213,2023-12-20 14:26,123.17,123.217,123.222,123.126,185,227846.0,0.08,0.04,0.047,0.02
206,天源转债,123213,2023-12-20 14:27,123.192,123.159,123.263,123.072,121,149020.0,0.16,-0.05,-0.058,0.01
207,天源转债,123213,2023-12-20 14:28,123.058,123.227,123.227,123.058,51,62809.0,0.14,0.06,0.068,0.01
208,天源转债,123213,2023-12-20 14:29,123.223,123.086,123.26,123.086,110,135543.0,0.14,-0.11,-0.141,0.01
209,天源转债,123213,2023-12-20 14:30,123.131,123.297,123.297,123.13,30,36955.0,0.14,0.17,0.211,0.0
210,天源转债,123213,2023-12-20 14:31,123.297,123.249,123.3,123.104,230,283522.0,0.16,-0.04,-0.048,0.02
211,天源转债,123213,2023-12-20 14:32,123.176,123.184,123.299,123.176,59,73079.0,0.1,-0.05,-0.065,0.01
212,天源转债,123213,2023-12-20 14:33,123.247,123.102,123.247,123.102,145,178643.0,0.12,-0.07,-0.082,0.01
213,天源转债,123213,2023-12-20 14:34,123.15,123.246,123.296,123.15,279,343835.0,0.12,0.12,0.144,0.03
214,天源转债,123213,2023-12-20 14:35,123.43,123.231,123.43,123.23,17,20951.0,0.16,-0.01,-0.015,0.0
215,天源转债,123213,2023-12-20 14:36,123.4,123.229,123.4,123.229,59,72709.0,0.14,0.0,-0.002,0.01
216,天源转债,123213,2023-12-20 14:37,123.335,123.159,123.335,123.159,134,165339.0,0.14,-0.06,-0.07,0.01
217,天源转债,123213,2023-12-20 14:38,123.1,123.22,123.22,123.1,76,93624.0,0.1,0.05,0.061,0.01
218,天源转债,123213,2023-12-20 14:39,123.187,123.249,123.255,123.095,134,165052.0,0.13,0.02,0.029,0.01
219,天源转债,123213,2023-12-20 14:40,123.177,123.255,123.255,123.11,139,171268.0,0.12,0.0,0.006,0.01
220,天源转债,123213,2023-12-20 14:41,123.246,123.408,123.408,123.216,72,88748.0,0.16,0.12,0.153,0.01
221,天源转债,123213,2023-12-20 14:42,123.41,123.47,123.47,123.41,88,108612.0,0.05,0.05,0.062,0.01
222,天源转债,123213,2023-12-20 14:43,123.5,123.558,123.617,123.5,42,51901.0,0.09,0.07,0.088,0.0
223,天源转债,123213,2023-12-20 14:44,123.617,123.657,123.657,123.471,63,77859.0,0.15,0.08,0.099,0.01
224,天源转债,123213,2023-12-20 14:45,123.657,123.688,123.688,123.524,43,53171.0,0.13,0.03,0.031,0.0
225,天源转债,123213,2023-12-20 14:46,123.63,123.572,123.646,123.548,113,139676.0,0.08,-0.09,-0.116,0.01
226,天源转债,123213,2023-12-20 14:47,123.547,123.613,123.618,123.481,142,175388.0,0.11,0.03,0.041,0.01
227,天源转债,123213,2023-12-20 14:48,123.613,123.698,123.698,123.613,34,42046.0,0.07,0.07,0.085,0.0
228,天源转债,123213,2023-12-20 14:49,123.69,123.516,123.69,123.51,10,12363.0,0.15,-0.15,-0.182,0.0
229,天源转债,123213,2023-12-20 14:50,123.691,123.68,123.751,123.549,88,108835.0,0.16,0.13,0.164,0.01
230,天源转债,123213,2023-12-20 14:51,123.731,123.68,123.743,123.64,132,163271.0,0.08,0.0,0.0,0.01
231,天源转债,123213,2023-12-20 14:52,123.709,123.502,123.709,123.5,60,74682.0,0.17,-0.14,-0.178,0.01
232,天源转债,123213,2023-12-20 14:53,123.501,123.761,123.797,123.501,174,215208.0,0.24,0.21,0.259,0.02
233,天源转债,123213,2023-12-20 14:54,123.757,123.703,123.762,123.703,57,70540.0,0.05,-0.05,-0.058,0.01
234,天源转债,123213,2023-12-20 14:55,123.756,123.793,123.793,123.703,17,21040.0,0.07,0.07,0.09,0.0
235,天源转债,123213,2023-12-20 14:56,123.876,123.647,123.876,123.647,234,289302.0,0.18,-0.12,-0.146,0.02
236,天源转债,123213,2023-12-20 14:57,123.647,123.652,123.834,123.647,54,66904.0,0.15,0.0,0.005,0.01
237,天源转债,123213,2023-12-20 14:58,123.652,123.652,123.652,123.652,0,0.0,0.0,0.0,0.0,0.0
238,天源转债,123213,2023-12-20 14:59,123.652,123.652,123.652,123.652,0,0.0,0.0,0.0,0.0,0.0
239,天源转债,123213,2023-12-20 15:00,123.652,123.652,123.652,123.652,15,18547.0,0.0,0.0,0.0,0.0
